{"eval_loss": 0.3481152057647705, "eval_model_preparation_time": 0.0022, "eval_accuracy": 0.8779719471931458, "eval_runtime": 12.238, "eval_samples_per_second": 804.215, "eval_steps_per_second": 12.584}