{"eval_loss": 1.3934532403945923, "eval_model_preparation_time": 0.0021, "eval_accuracy": 0.3903124928474426, "eval_runtime": 3.9947, "eval_samples_per_second": 801.063, "eval_steps_per_second": 12.517}