{"eval_loss": 1.0741082429885864, "eval_model_preparation_time": 0.0021, "eval_accuracy": 0.6031294465065002, "eval_runtime": 12.0504, "eval_samples_per_second": 816.738, "eval_steps_per_second": 12.78}