{"eval_loss": 0.3888234496116638, "eval_model_preparation_time": 0.0022, "eval_accuracy": 0.893720805644989, "eval_runtime": 11.9773, "eval_samples_per_second": 821.723, "eval_steps_per_second": 12.858}