{"eval_loss": 2.277977705001831, "eval_model_preparation_time": 0.0023, "eval_accuracy": 0.30937498807907104, "eval_runtime": 4.2241, "eval_samples_per_second": 757.56, "eval_steps_per_second": 11.837}